frame,left_knee_angle,right_knee_angle,left_hip_angle,right_hip_angle,left_elbow_angle,right_elbow_angle
0,154.86405323988717,65.1647936838493,157.97842952268758,174.63867153689876,85.75747948456973,107.18807968403567
1,156.79505178830115,59.92825845711756,161.45478577914938,165.98958216110555,85.76640622470224,108.39538365525493
2,152.21999053468056,63.800688964101454,162.4332228773667,165.86972977837223,88.88565060811469,106.92661403273826
3,149.40468275623783,72.22369161427783,164.26775209673409,163.81372791732187,83.02483953139343,101.68761403656357
4,156.01098064514588,90.00419782421847,171.81632062815953,156.63155464422903,73.43724804469845,103.40140378970526
5,158.90439391256947,106.30916885475142,175.04335721778227,152.49280223836448,63.74039691162168,104.61785631240296
6,159.9013770185404,114.79410968026072,178.42608766677324,149.34213770007284,54.49853647688928,83.61017245521091
7,163.028656346996,126.55456860649764,179.07662023090592,147.5997843762248,51.345355450176015,35.70779805815574
8,169.3358955028606,138.12766656588127,174.88283582325394,149.36888683668698,49.04040530101527,76.52509712781388
9,171.9707567843922,148.0793162511237,171.8097083892182,151.96687912705107,44.24212904352608,80.06943252709937
10,169.52710157018635,156.99559375820502,169.7042953814945,154.4955554120765,42.457594574739666,85.3642348625724
11,166.73562373766845,164.01976808081247,165.17964019436783,154.62177244396315,45.06910098015304,94.37627835498735
12,175.33308061397918,158.3418242643835,156.3526387922289,163.85429677928187,46.09470616313437,95.2527727377659
13,175.93478519103377,142.31548873762983,157.28509215749332,166.16554113330156,54.78451676807887,99.43433784114649
14,172.9193259776846,121.83625433323758,157.47632828005436,169.9727607699948,56.42436640256719,98.95127722824941
15,104.83994946017471,171.91536370554968,173.66736031674697,160.05222166140075,66.24542045722889,109.04528835992882
16,84.7431309074876,162.80635211444843,175.0530452471116,158.18964287672765,85.08829417819558,89.35436643472607
17,76.32860897523814,158.057587305149,177.2042479576944,157.2395366645399,91.3458368220893,86.69387717785463
18,68.60793635858109,158.44682088633292,178.27384747178812,161.02077848250505,102.40480781147049,112.93980236135087
19,66.38821304210265,157.65289956807172,171.06171980849552,164.1660128204641,104.01502539125333,120.70991358687225
20,69.90668025427306,152.24738080230594,166.1954961655061,164.27772626025964,105.39229917313992,120.6998052639011
21,73.97815672888065,154.31339222652835,162.48226537308312,169.17965253659943,107.84821455977138,117.3326990965933
22,83.41943001112753,163.0034486546219,157.8693551561817,175.93078977094376,102.24236546687933,110.06748635012583
23,119.65386909515756,156.60473457447225,157.74375574693522,174.82100848258375,102.56807153850151,129.63342910239172
24,119.7030683143056,165.9226405156229,152.07108831836211,178.15886585045527,96.72844791948211,119.91485234324813
25,126.82044422250698,169.77350412928982,149.48172429005078,173.77225129237067,95.48224176490217,92.5388368022345
26,136.00336692281593,171.0999990498797,150.550881448027,170.7995522423297,94.43905743774448,75.74936755103651
27,147.1454723911294,171.05319776008378,153.60436341799874,167.88133224163974,91.38893004608664,68.51083357527789
28,157.56112598801272,166.36430392270478,156.71813941565662,166.7270938706376,90.1283520630097,70.5135848253609
29,163.57686390275398,156.43954648048387,157.70344396402876,167.8585413062053,90.62506063415269,73.08786848522143
30,169.73308935195766,140.69183775356083,160.0475902901586,170.01138163374128,90.85596796813283,71.0155371824071
31,171.39488478113051,123.84827250372298,160.2608343038517,171.50786172317152,94.83061774058369,76.31684076194954
32,168.61289987723822,107.16872531821548,159.638249276338,171.30317530045218,91.94837195137667,88.81894485209556
33,164.75044788132143,86.92368196565751,159.05496648433393,175.96374117806454,90.90693507387824,96.53410383633253
34,164.27885408603055,76.99208633569204,159.52440955798315,178.8912617259795,91.14094179446253,97.07367178306612
35,154.72692444811815,67.55009143489875,157.8507737872694,172.55404666413176,87.27371307911916,97.98979590050693
36,151.06365174566633,127.5583074015548,160.8136539521394,164.40428118480943,84.82874670942788,101.3337934513984
37,150.39101048800768,98.0688041301857,162.4241213637906,166.4798147580404,88.13958544672306,93.31118283546377
38,151.15576568181237,87.77251908383826,166.16041519706823,161.697462120252,83.95663712701123,113.93024219256908
39,158.48082893635495,95.00372159201615,173.19352074859037,156.43716105984626,77.74398859060325,175.23469356328116
40,159.41006843791487,105.98213564921413,175.7503990658549,154.1622273427185,77.88302459375282,88.79298821816235
41,161.92142323066483,119.89994530809808,178.94053288744172,153.07753773845386,63.03788131575032,32.64467382883187
42,169.91579937560786,131.53723106903746,175.0138209933457,153.26914785863187,55.26454579450969,80.11114710792137
43,170.01511249269606,140.52316167566332,171.8775950501871,152.0630108731364,51.724190210127354,115.48659587848772
44,170.88050893903412,150.62661519970428,169.57475606659253,154.04380340549713,47.621176693020296,102.11886481052423
45,166.32466292518538,159.42612081354486,168.45930084591583,155.77721080029286,45.87402478247834,117.21843007505989
46,157.70084628980223,164.47116224832646,167.34977794029888,154.72245056925104,46.44927856388016,107.34400742500664
47,147.94668301300334,170.44042980819634,167.61864528239747,157.46299762155022,49.113402483558865,104.96606569404284
48,132.30490918820863,171.47796666248527,169.93174464225825,157.93875020286976,52.35471833418883,98.85132459901175
49,115.67469913957405,168.63443787021356,171.04889926704686,157.67295642242058,63.225705485571225,86.70058460920507
50,94.7613929408982,165.68363747945062,172.53907996130042,157.58278547680771,81.09860029272458,89.26616799735505
51,80.8160907401416,164.19463878124776,177.6922423751176,156.25698642764047,87.58105856502738,86.74886279956164
52,69.34980234647959,156.37152866587866,178.62901449356133,156.35406031052568,86.6645508168713,111.4807573609177
53,69.00702550865525,156.12648191562755,173.41321964306246,160.62377763797926,97.78625954520845,131.9224695782089
54,68.57359335029537,153.80882340760388,167.33534134760984,162.9315641704466,102.5631916136357,127.68741599129231
55,71.43852107940559,155.1670373492543,164.74965026833345,166.1515371620244,101.00515128831523,128.7579359975001
56,85.78833660586136,157.31203334359606,162.31283784843285,168.85330786889196,101.46134560360146,106.35552903141603
57,110.73546758682039,163.861789527497,157.38185058348478,174.62109325090552,98.68949779947224,98.37054798120306
58,116.86207555985365,163.58850213181452,154.21098249481136,178.15557391623935,99.47189772492032,81.75121088475255
59,164.6226761673561,116.19301830870293,176.52718732410668,152.15813469935674,102.29250941018212,68.98488726658591
60,138.63283965253058,166.51409901954628,154.04962870359236,174.70638814813125,96.26610368828659,60.46525646214236
61,168.16287854059817,151.5393035363768,168.33078117347057,157.03635338377342,91.48296669719326,60.49120566138726
62,158.85465593877004,164.77981309680382,158.77949273762889,169.5708049203821,95.81195324383695,61.10392511801467
63,164.50811383673695,156.77209184040544,159.19963497993356,169.3690068845146,94.41806544437165,62.85335542933024
64,171.4422778988447,146.74522343240486,161.80688147703188,168.5255682400278,94.1796164203309,69.76165758184224
65,171.19153387035382,133.99612799853756,161.32601359609836,169.4726700403868,92.72768185619064,73.31957674181132
66,169.56464187228562,116.48603974861425,160.96103990873894,171.39857324763997,88.1748835419847,75.07003931564583
67,164.38891409175875,98.54332319927688,160.08945077158137,172.93724320595553,87.39514234461156,89.06825728658863
68,161.1536331302317,83.13251822262451,160.4304792380635,175.39237848903733,88.420603584452,93.01439818172874
69,155.75349238360943,74.09440458909764,160.17804085379123,179.30851888086238,86.20287316816082,99.96108916469636
70,70.22588304316884,163.4002147935533,168.53495512034877,166.69069800773846,88.13292567579816,104.4890633980626
71,115.00496546048781,147.54355288994046,166.6079104021363,167.02580258202056,86.55587964838132,138.3327123224288
72,150.1463345757241,83.14455916313162,166.22949999340761,163.4583928155405,86.15646787725076,119.2211155461375
73,155.45165883932506,88.35034322352493,171.43403613507067,161.95145501055163,91.21289917588177,111.02643499632924
74,158.54558952892492,95.39748037648761,176.90964829585045,154.92851057519061,78.62950872863766,140.3930244015999
75,160.8769132114473,105.80334257124048,178.90705830198556,149.91847270242562,61.66835816487139,109.7648371718116
76,164.0784039044154,121.10521411452578,178.06434478761804,147.27449164504552,49.998779477510176,90.61863218210456
77,169.31306542500892,131.23007043333965,173.62981322323304,146.70466642054984,46.33225595483941,92.26797890932235
78,172.27048237052196,144.07255260004865,170.86975119358405,150.65440609074514,48.209694909057696,73.78280768381042
79,171.6614206867117,153.3021090484126,168.40138519619353,152.23529801746602,52.20266157506528,74.96775279377316
80,164.52418718599134,159.10527533901302,167.82577023323012,151.77670662627912,51.68128376369255,91.36829278352741
81,154.25584636230445,163.72110055153948,167.10028578183432,150.59476605218495,53.251830136012856,104.88294253599466
82,139.67041857903152,168.76163139134107,168.7195199705309,153.9608681121616,54.18392478700697,106.80842690829022
83,126.57039549319828,169.0846450467217,171.3359359190864,154.56179967895318,69.48036702370946,94.56776315558754
84,104.74966018030385,165.58850483498864,172.63167712677352,154.40395108692465,73.17869355196089,94.88133061421499
85,84.82025804165734,164.05356743406102,173.468112639615,154.55055559296682,94.70888944109689,142.38554980454433
86,74.77704570744193,157.25387404559015,178.00148272051499,152.5614636860918,100.20081538796454,162.9022928768387
87,67.56764424379732,156.69655682928968,176.83011228753247,157.10873766697537,106.65684350552029,165.17207741968883
88,62.446216587176636,160.98753509512414,172.48448941521926,164.27936458013255,112.24426345259619,154.5050390141202
89,152.75316918338459,140.30170384952,165.73524587975996,164.52272148890904,109.66524595726418,142.7791366702949
90,94.80172680558414,151.00043968134375,163.4541765360587,165.9425821054386,104.87739321361677,125.69828635008565
91,96.05475132333295,157.938857881532,160.93657682620565,171.21347782670642,109.73284479701898,106.47182284441664
92,103.30529711151017,160.57043065919302,153.87730273715852,174.94792671350717,106.16376791892819,74.10471356829107
93,157.97873363153937,123.97704068771633,178.26951032578597,153.44950830121496,102.8214284753625,67.77236755194981
94,172.43429991618606,161.25437532640794,176.38278937124932,168.94888982777385,96.00291724362144,62.8185681793092
95,173.56554480879626,144.02212684963746,167.85473668362053,151.35195258217382,95.91295695574313,65.68883685256031
96,172.95897684014255,149.80833171270098,165.135222967774,152.50971010118943,95.41815082553524,73.51435550067474
97,159.46864435507732,163.8912629445672,156.4285578719725,169.59738741879698,92.85574993556315,72.31218500037522
98,163.37802901489417,155.65887797207915,155.77842109909002,168.7325293899723,93.3534960464315,68.35622723118598
99,171.119753134925,143.15199043864686,158.84643271091326,170.7346114190335,93.61382094661413,68.45802828980457
100,173.51687729440843,130.81733594635836,160.761220800408,171.5354753465475,94.68144340372304,65.87154938724319
101,170.17609988367522,117.03784187064711,160.26467994979106,173.1164298838618,90.58348469007295,76.62078294373651
102,165.80762689576775,104.6929949948442,159.91703655363037,174.58104404331496,88.80657436038615,89.10659647406041
103,161.2569940540175,93.93460499631036,159.70696350831903,175.85158349091915,85.33035872949425,107.86933225435487
104,161.91174883241368,82.07216456961973,160.48118255247584,178.68476384763903,82.43978240781708,101.96120373063258
105,154.24290637450025,76.58901756536176,161.23793024458905,173.04975410260212,84.70612466024518,103.42524728112681
106,153.17569746257814,73.0612556182002,164.4177312072378,167.03129984378452,84.80842562894904,101.36773867024814
107,153.04090725817926,74.85875590518035,165.97651089858311,164.14640433824627,95.36841551661836,112.77074337514146
108,157.2040749336191,82.54982280852118,169.94694123440553,159.63543559683723,85.83946555281787,107.55649971886889
109,159.82267600560849,103.40309632900004,173.54889296045238,153.8288885745765,66.11412346114652,103.83624116158848
110,159.29356369122928,112.88486611504118,177.68588734780658,149.47406251234744,52.74089335391341,100.2046064114229
111,163.44163067614193,124.02740767567232,178.6536142751343,148.63015218907827,51.94895943447847,99.12126779932353
112,169.3920865308872,132.03887340621876,174.7168956501422,149.17682981799598,50.80053027251553,91.28512001485312
113,170.56959857317395,146.25227009787312,173.03489859750593,152.92709368658942,50.82172735850919,96.25983384714462
114,169.15953805954263,153.56747523641226,171.03128798865106,153.98367391954994,48.297686035522254,96.44623576553988
115,163.7632776973762,162.31684505251195,169.44229404032538,155.75670169777916,45.605624176584335,95.3487605684672
116,156.80035789476338,167.75574805895107,167.1865358383538,156.94053722972757,49.76497704433383,94.26238157271698
117,144.61750337723015,171.5720116490592,168.66474247113268,159.8363884680583,51.52483695674254,93.12538697735077
118,127.38505281868052,170.97769307033116,170.26762735774625,158.87839873937014,55.581165566470844,95.95910433918232
119,108.96712118560983,167.2347883310229,172.09261962274383,157.59473493052846,60.05927425830947,94.78491853523502
120,161.57865915603,96.38397000864869,154.5992120821155,173.79176057874267,72.04625948573226,78.93749403596654
121,76.04775641995396,155.43352209521797,169.36124375278538,159.53384104266354,88.78538675351274,94.60724058807021
122,66.65359396274565,152.04843199766125,174.00666400932928,156.86617084236718,87.38153323068018,99.38168958659284
123,69.40536938474855,151.22039063826773,169.24672724706016,159.27804352284647,101.19787342305271,119.50246856795367
124,69.46108930839353,150.15225070567516,165.75921918484065,161.37163770351987,100.31687460261551,121.56019786481465
125,74.75819866098578,155.16081085070476,161.40818218698814,168.6402724703533,100.51970526717807,123.74850256752288
126,85.39112329070933,158.1682073531422,160.30228960738256,173.34177719694256,103.383428304942,107.27591806176997
127,136.31760416904928,156.96431472843616,166.23217815777622,174.9843235756702,103.02990841698367,90.65593563878868
128,158.19669871686966,122.19636206882343,178.9764941564631,156.43025304619525,99.40873270679849,80.17697735266259
129,161.57318983867103,123.84365180033294,176.1583720538695,150.38786329643878,98.18144177142197,71.91783099969558
130,162.2228003683888,163.1328389929645,178.94101772712168,163.21441185251666,91.1072269106833,66.53848410035033
131,146.94524607913348,170.7160148112811,154.34101740970706,170.0184104341774,85.64074523899254,70.2784044027507
132,166.9522707434131,160.67088727719732,165.06122926140623,155.93592448729478,92.4446414014071,113.05077320790714
133,160.5940306949451,172.6987928060753,163.0840516239103,158.32229486528772,95.13998874533917,78.26606634026581
134,173.67121982127298,150.93968018478938,163.0131552926432,168.339109825736,95.72644807751179,88.22370290247086
135,172.828348688974,138.60236525756727,162.3371103176486,168.8667083000087,96.60087177343598,84.51473633925586
136,170.52705645738698,120.02636456084745,162.00403753889935,170.92405094884603,94.52550260561,87.38202519452201
137,166.36323851221366,102.48530970772254,161.86707692607277,174.08887241517402,91.48572155119804,82.81113364559327
138,164.4638087716884,88.94686199621434,162.76931919974257,177.2747542150468,90.17108310209315,94.0088652889959
139,161.77752256896923,79.27442551294318,164.05737137377704,179.96965401764493,86.23815410817791,102.00013009260627
140,156.66510583938467,71.32045080462348,162.28542593196522,172.42299185122818,84.51871068665928,101.04464546744254
141,150.5027669483259,71.93783164279633,162.28207992489823,165.54356908892035,80.373376577001,100.68793971326527
142,148.12997385342376,74.31918047507958,162.69380337648553,162.6624308712714,81.60345392001528,93.4569096907556
143,156.2305911194499,78.18678102444917,169.6227749282874,159.8554657759185,92.75375305512715,114.92242597384683
144,158.89900441530736,96.89559281068327,174.62018146095255,153.12495106950277,80.48008483845294,149.00888872395362
145,161.2106268705996,111.38157140031474,179.0664285519548,149.51792004054815,65.94108584155924,102.36071982189186
146,162.8051373225074,119.24801752381012,178.64145194824744,147.13166612688713,56.332299436777355,100.31655913897279
147,166.90891969028706,129.06730680859033,174.53207325676695,145.5358963784724,46.47400660480367,81.69404997056559
148,172.87616174300754,141.23920623343795,169.69048863977258,149.90749528013274,42.37372311637293,99.24669980586849
149,173.36375602834644,151.18293986551527,168.23960098683625,152.3359837141829,41.854074693327156,102.48101664770505
150,167.25825305358543,157.55559079168148,167.0468005690223,152.42845349854437,52.005728184544495,95.332366559348
151,158.93503152025434,162.01525498522128,165.93271430765805,151.89535432359938,49.952837679825905,100.17692226589419
152,148.43082462025978,166.7136356804945,166.40530438425301,152.18135321850698,52.809830713675424,100.80860429676196
153,134.80930522139997,170.84017932020987,169.25601279636206,155.941234670838,52.08630330111724,97.90377190558422
154,115.23280995794062,169.19854658315657,170.82566500279617,157.65012108557673,62.68184031557407,93.24310809186308
155,95.60104340516276,165.31748923833436,173.38621187379337,155.716930508565,78.67425037798276,94.48255097783232
156,96.19433867166025,152.04677976877906,178.0864139153373,155.67579820190497,89.49483853825963,143.23719107761414
157,81.57360845272973,161.81383006449934,174.39682342536304,160.61357330147212,98.83085577358177,150.99545890310088
158,72.12849850740508,158.52949194434757,172.5438132339399,162.77861042912005,103.49973103667901,155.0900312162151
159,76.25371221076193,156.18468659231883,166.4401095493107,165.7501909222011,108.00142281450104,135.5465969877033
160,91.73884220363645,152.83617481972217,164.5267884570728,166.02084682838014,109.64337031703083,111.15165351344616
161,101.00655759783234,158.28778242152163,158.555055835708,171.3149618054917,105.63353498641466,112.47091624534605
162,110.15069888345525,162.03596206980808,154.45362348920216,175.04500630617116,106.3629025566761,94.27380725422722
163,159.48680163498273,126.65677220619874,178.53265530935892,155.52168781561517,106.69531450099863,67.8806624837173
164,163.76428704968862,125.64820913482157,175.6104605056418,150.99429047180737,102.06252957745177,53.55918420449937
165,167.88145516572,130.1334950156074,170.167370757549,151.2567747908044,96.08936630625182,51.23457458026651
166,168.84622349544495,148.7148009438293,168.15133052031626,153.05952033965028,98.11586122648008,53.91306467765777
167,165.15778261013185,173.98905490144745,167.15858941574987,167.06797785616885,88.20682131367533,52.86535132243861
168,167.11980736431087,158.40695364763454,158.63653084368414,168.61349087153147,86.8127170247472,64.40203651093915
169,171.57463698271553,141.787161976627,159.51843847778184,170.98755936729043,88.80944215234399,63.40798276858605
170,171.63267119969345,132.3847779555371,160.2416225875645,170.35622073069536,89.20870641531064,66.27082325777698
171,169.560758593435,115.4027931356447,160.83129618074489,172.6487865096704,85.48334529609792,67.25542971852565
172,167.17175531706678,95.420831289738,161.29066341017733,175.16312588162953,86.28165171130865,71.00875473573657
173,161.55777160963544,79.00672066462018,159.7321374715418,178.22557822819246,87.29133800409754,87.42583457976944
174,158.59039620676268,71.57663350959376,160.05213366464744,179.30139155894932,86.5251398371023,91.00376598417854
175,152.8829523551209,67.63935816311226,158.47546482732076,171.70498574990873,84.61806422015437,93.00987789937618
176,150.59053595074084,66.78177319951043,160.59245268245607,163.89328156741448,82.4280570244125,92.19551454472412
177,151.15933402367693,71.03426236031994,164.38141937061792,162.29759670540793,81.99659169126734,94.81859952453594
178,155.81200446895676,80.58034144702003,168.63566470917291,158.42764973021974,85.55490917552409,99.15150851845128
179,159.3359273364213,95.76311413165512,172.9020665437923,151.25946221481905,82.02761499841675,98.3147081010362
180,162.11749431428692,109.12114702111106,178.71558248037684,150.21177641560192,67.63941918274274,96.16980398203361
181,166.47175865234743,120.00738861427922,177.2051116661195,147.5473214593071,54.87350708430893,109.48441905701202
182,171.28507271559212,128.64847747835282,172.80179578951692,145.8686743320056,50.90059988033998,100.04997323172122
183,174.6355583572945,139.11163908096853,169.3077795755406,146.0276312771755,52.88594274361099,98.76737306681406
184,173.61679900142835,148.50232664410728,167.35277515035358,148.74019758770865,59.28265588672359,116.32531486273736
185,165.63141419277844,158.49987208868745,168.2267042345123,152.3052226362635,64.72786829961996,97.940652154535
186,156.82087085854235,165.40215469657332,167.97031768742528,155.28738795398664,64.29316439766336,91.53214280782122
187,145.1435123210296,167.52231703550214,169.71809419567273,156.63071737445696,65.31215019528315,94.34858060546595
188,135.32142450625966,170.23033384313658,169.90985569886493,158.50486715930927,63.982152024637315,86.92026375379352
189,114.44253808335941,168.00878423072837,171.41656008118593,158.3258766709302,67.09658127084789,96.42495588953669
190,95.63354104882427,163.30864240208243,173.61511265582143,157.31602609415998,77.12740245477903,82.81265226079191
191,80.42641671057609,162.45737506435492,177.47071012194397,156.8499152213458,88.89610721009066,110.44215982608495
192,71.40408624675024,154.0333681803459,179.4560843824661,155.1900369954978,82.65828585707857,118.34043824260378
193,68.54553098311608,152.6388552217142,173.9718809661355,157.74875560732895,93.40636384043275,141.4214308124786
194,65.64129899562693,153.15133152833673,168.5086096846244,163.155659710081,96.29040126060752,128.12826518041632
195,74.54059328343352,155.62082869945112,165.70562858999057,166.54846772755914,98.34281997384826,103.33049374676011
196,82.36098727497095,157.30699139778562,162.42156335242996,169.6706080073277,100.99437501589281,92.10716648887754
197,120.57947022974182,157.11264304537258,161.55350788845877,172.5142782042527,97.43591137630608,100.93423281201272
198,163.6130871469212,125.3174213141791,178.63136569097534,157.94882036223558,94.5856234888062,72.93082390115563
199,165.08474641358453,132.27779136939486,176.4558104516116,155.20683092799248,93.5142567562151,53.74691591532521
200,142.3301373734629,167.09136219894413,157.0040278907686,171.83786969765052,86.75860498103323,55.0519645747872
201,148.87938061017002,168.78554298048908,156.7939396232488,169.13547324506214,88.42664509207877,54.67022609717944
202,157.6962034782683,166.97417768440096,158.52245399085612,167.4471598267912,87.99585643352664,53.234438271164045
203,165.95156318808557,158.58781472029995,160.78550221972054,168.20703692416276,90.7085874351597,54.37646061318301
204,151.86856937869325,178.19953685175057,164.54114668327963,160.42787432347217,93.78685199909918,52.277053913517726
205,179.95712959130788,134.2953987284123,167.27468665722563,172.78097774079393,93.40578206983595,56.77442623459779
206,175.2146597145964,119.63181028483145,164.30013107799357,172.6296527255654,92.7052863093253,67.9257757353462
207,170.19787440686048,102.690064923947,163.28382516651698,173.78023185063955,93.63422756955394,94.84222314070296
208,167.11947118083333,88.88419247398042,163.7387846133973,173.97379647043417,90.70039185343956,86.69049679377494
209,162.301162658744,75.82596008349887,163.22782498904255,176.45627914535396,85.99798118134095,85.34054696676611
210,159.30775203488983,73.87380553431024,162.51276974488883,176.5385166429814,89.92647025607646,103.40013493326326
211,162.2651518402092,67.37324777720298,167.1173810434016,166.2889252724261,86.4677748159354,92.6058380724596
212,154.9525503454169,70.13136118802176,166.60964692561066,165.97138097647968,78.06298803153311,87.51750381583327
213,154.6076825028926,77.26977275736785,167.59567256008896,163.25895536133783,70.27718941942031,68.59880230068268
214,155.9571018064578,96.76829226023632,171.04815488177684,157.2535131634599,76.58901628399775,76.83114318019355
215,158.99872078474783,105.63414813631977,175.611290144738,150.96246735306704,74.0821637789855,160.93027242948986
216,160.917445549755,116.11557402730878,178.7933628224201,147.93870209363138,61.86922395360533,129.27817780961445
217,164.0969673108916,125.06533689704727,177.68305998141574,145.3638479038586,50.19658447149061,118.60780353483545
218,171.86646954494412,137.56688355434432,171.7108690415811,146.80607225905365,46.73334681794633,92.81349647641292
219,173.93745480960885,148.46263709726617,168.39558312909412,150.12349032458255,53.15009374480623,95.90087343595444
220,172.30758515169668,157.52080416962448,166.03036672986005,154.0056619322062,60.1878381128388,88.80538517306321
221,161.6832033207606,164.23496035446234,167.07487317102604,155.79597055464762,54.67119549949129,85.88994884778164
222,152.95706197225186,168.101687027345,167.56853429411476,156.11878073169532,54.4863613637872,74.1618778767739
223,140.09234896000504,168.44508801239724,169.23171530101015,155.8128611866598,60.395140810907684,77.36937441411277
224,121.25469754558712,167.072709158513,171.93506110749033,156.17789323482194,59.79306636063995,70.0251201251972
225,100.1549014856961,163.52614157762903,172.0960192028704,154.6316985781778,66.20016604817374,85.90635012868039
226,85.65493167156549,161.37801448550886,174.9097605384516,154.23162629961732,83.72758545833598,114.45450664145628
227,79.32234502918018,157.58489923590838,179.21582479850358,155.77874923662955,90.17773317926198,131.6376905826865
228,70.82904696165355,150.89185677817952,176.90221963294798,154.08190314415563,88.06902440106731,150.8019569593997
229,69.17283837338096,157.91067189899465,169.3986472252716,163.83461905487275,94.76663383471728,152.57441320980092
230,151.956862018551,87.15839982778536,164.44086796325263,164.21130328955266,96.58023179210798,140.36674041245715
231,100.35884871966172,146.25220444143292,161.62691170631024,168.4013093013768,97.07288529280757,131.580019931485
232,112.9580592025841,160.20782653688437,157.27268548701772,174.80587198108933,104.77830558400892,99.69741789588412
233,148.0448974806591,130.64220797676387,169.9546665775091,162.66552266321963,109.6929204836675,79.55100208390873
234,161.3096896535741,122.8326216187791,178.3540728164912,155.12787048482213,102.80570225695321,67.5275706752284
235,163.41633731371184,163.0901954010398,176.68870715613073,167.68710735811177,96.71791433914743,58.56023236508699
236,143.73055564799708,173.03890213614315,155.9744857142508,170.59219012543426,93.62573458785333,54.15341392305374
237,150.94058787603498,167.5054057278094,156.4015990833175,169.7317539268603,93.31078787304479,51.1527796012181
238,158.85267009093107,151.54968735758962,165.25202832712736,155.28411131977964,92.12660890750843,54.51940252577769
239,168.876120058294,150.86964422931422,161.5032897554757,169.98928259561794,92.45994318092701,57.107756478750595
240,171.289455867839,139.87591678431764,160.67552462038566,168.35046912620558,90.26167479086088,55.0023144320052
241,173.51643519828204,128.0954393968747,161.35099550951477,168.40732563843738,89.49622015151824,54.88428066207083
242,110.43393683513251,175.50574187771562,168.80982045370774,158.67192414781553,90.09654187906413,55.43491072636956
243,168.5026726626487,110.31700606561171,162.20945200605513,176.72227722924015,92.84402528104906,73.35354799412389
244,163.2467578626111,79.98591908540213,161.27575688344206,176.35090725994414,89.15115711099752,102.96585084670564
245,155.93615645281153,71.32526241741296,160.60000385255685,179.58885748430995,83.50549156223637,107.18499598819312
246,158.04518065316608,67.7029096092394,163.06502771597488,172.39046554420074,80.8049558082667,97.25167525430729
247,156.42651116464492,68.76307065051633,163.19529029861673,165.40776166471522,76.50078056218366,88.17917986438712
248,81.20317611342405,150.30278202705074,163.09270555833078,163.77039123667927,80.38911755980214,88.4246358449189
249,145.2243617624665,115.29619853055439,166.04070876798863,160.7027228553456,86.87154718195413,94.29743843796206
250,158.09304357178343,108.34226152027043,172.27141228263235,153.54626335267244,74.484802611356,86.37326602851108
251,158.39982170863217,112.67775303131765,175.3293382480762,149.2039207887157,64.65783832231405,80.8234941785043
252,164.20559112716933,125.73294867609445,179.36179396668447,149.02969706722791,53.10470526863539,73.82228390065704
253,169.89886660648298,133.26477582463627,174.1084569740101,146.9462177883181,54.26222389651675,79.94814871188099
254,172.6756751172726,143.7989700182272,171.5935708088213,149.6896853575674,50.8283503425301,91.26996244198773
255,175.01755537159536,156.94576265328897,167.407413230022,154.56663340620239,47.811631188124196,135.9406336850112
256,170.9676164827752,163.9281126044736,164.91295373708525,155.7580689553336,43.67276812838202,171.7445714537144
257,161.23371729326547,168.64842640791852,164.69142533962506,155.71190359626297,48.14965028177366,154.05738701411494
258,148.68235197148346,170.23199310817782,167.60650477777494,155.5337355208064,51.701248112214216,88.82904955785085
259,130.64458672636476,168.9194345899388,171.37769164418836,154.3106785569809,53.487603678897976,82.39524532480786
260,109.99375262888397,172.49474432500625,173.26910594620367,157.04176937441702,57.63340485502195,70.46059569117597
261,166.33929952465317,95.81538191898656,158.56981014658564,179.82808339306263,75.00072928201281,104.67737105921
262,81.1527181587128,158.39261969320864,175.12062309351148,160.73781407958305,83.96336720638409,105.54251734475551
263,70.13270955114612,158.02026070468463,176.89670875603895,162.39309143151758,80.14998830422668,131.1399363061576
264,68.652256306172,159.32813065478433,171.89246379162495,163.5387646833352,86.11957848855512,128.93661820648367
265,71.54905796351643,152.0412542929135,165.56216706180336,164.12105026456803,92.81867107514437,110.4030421686415
266,76.80017463645679,148.82503395247554,163.12234310631882,165.94804582372512,95.97823834592118,98.93972871038952
267,106.75947954431898,157.7035847404123,162.82355418616615,172.6476154379938,96.93784165241934,145.88952370988355
268,148.93745936606123,113.45736041224832,171.66800229541641,157.5019772889393,94.41142068661718,145.19582701656148
269,159.52460942908505,111.98320645336219,177.40789782200508,149.99061127159376,95.32416942692609,71.10923733427065
270,163.76610289203276,126.05070355137399,176.8780887969315,150.03661183478494,99.51621266908138,59.77958978454647
271,167.19912251380575,166.1061291651951,170.77864249867037,163.01358510005247,95.99136514852559,48.85039368627858
272,147.66118386495296,168.98070510580644,154.58067713804317,171.28163554615153,91.66434563321036,49.02589960137868
273,153.38254408934102,165.7228188678907,155.4988417679324,168.49747442186816,89.85477956084134,49.2499714409983
274,161.99398360496258,156.7352876640538,157.90959329097132,169.32550472147187,89.21517847694362,48.56571426129158
275,168.1494708990275,147.76685015076876,160.4405943738807,168.42670183260157,90.74008088602412,49.71119648088387
276,171.90642342599878,135.2652681166629,162.16904813190297,169.76339222960848,90.33585962011459,51.96356182013701
277,169.60034449945027,117.91299064037386,161.65551320171556,171.4456119068884,92.90752192652205,53.32707922910152
278,166.33345219113676,105.23306483393006,161.2550919303543,171.71999258921704,94.40056790401194,66.54056288139441
279,161.76219805848936,91.96690573498111,160.69814605685175,176.7014404840199,99.67576408323869,71.97786499736218
280,158.04611680423093,85.63469916410824,159.68079648025102,179.88679147643427,92.60831007852263,86.75130857554504
281,155.0454253307201,82.06233886236717,161.77484253969257,175.9442381990462,83.32870742014205,97.10951010942166
282,150.4029153168436,81.19052276506233,162.72047923668347,167.72966332988986,87.14789433871054,102.13750615544022
283,145.58409064998955,88.47739401264232,162.5247499931021,168.48800800667445,83.58686141105659,101.14695899969307
284,153.77049275751415,97.61694705238592,169.42469987462576,164.9733686663172,88.15066728038332,88.78816876445889
285,157.6172957531736,105.34824662063977,174.36528158081433,156.041243574456,82.35523874624475,86.72835908619514
286,160.518956060254,117.59215471770212,178.03841999984945,154.0725580128341,63.49782136076352,92.69245536944173
287,162.31252015622204,124.1363843110499,178.3430754892728,150.52781253858402,47.83509971096583,85.48712729362134
288,164.59842411881885,133.7419305062617,173.88921603414582,148.80746026395178,49.81784505024259,83.41899064358867
289,170.7851647167257,145.21290846453346,170.39356863340373,151.50570043997226,46.78765849413663,89.9748380549102
290,173.88381795463368,153.97244236608472,167.90708245447652,154.8342311773797,51.44924482949958,96.24230607693971
291,168.71527473974504,161.3563811847451,166.55597151565783,156.03424461997452,56.53243938896769,96.47028439095564
292,160.12011790716144,167.15974833706912,166.08842764089903,157.0672158502211,55.742819871323974,88.08658574752906
293,149.0441444627622,170.52018783412768,167.51888854767583,158.68334409022646,59.3523547839418,85.25205731770349
294,130.88797404402953,169.80224298000704,169.70862061407365,157.49325754533874,62.418336091608026,90.98207622971906
295,109.27290301199004,166.78813632355144,171.86716231731953,157.1318362527345,63.97488164812406,89.77636544734732
296,161.019941330244,106.83959102794206,155.0800693231262,179.73028453924047,79.49181021533833,77.17820132500282
297,68.98641062191712,155.71489574723958,161.20653497587264,158.90122262063264,86.25517355738398,111.59864620529146
298,63.89670142775029,153.8261860509558,172.51010137784687,157.11784041835634,97.91089314784927,124.51699735489937
299,63.998467371322924,155.7524173933401,171.80538934760844,162.31047425240308,99.19049606108449,123.86320553573096
300,65.5042719607077,153.3675347086771,166.37418976479822,165.97338809445134,99.97708132146137,113.74067437426878
301,70.45864210429583,156.66556301591464,162.37217273618333,168.46747287086131,101.57304250467934,116.48054310533777
302,133.96145009743165,113.77461857414909,163.34024063455968,164.13360919837172,100.67982910804525,110.00464623970586
303,131.6306252445271,144.60449915606628,164.01618105545174,170.13527448416372,107.61669498658215,79.16003103170493
304,147.3060794007654,160.0543307887473,168.86573440836548,178.56221798743184,102.7955160485115,55.97174545423556
305,163.03423370647386,130.22554698370266,175.6971290931883,152.45813032737271,104.26713407389244,59.08920114642594
306,169.3177147253549,136.26860984640953,169.07681959296127,148.58061276187215,102.56436396053321,52.0044451817416
307,172.25705822918167,145.95046126332858,164.01286262522945,151.82134087002692,103.23872742736472,52.288022861225016
308,167.85169747543574,177.79112883531678,163.04803736369533,167.16731786084327,97.32704056395208,53.26516327378867
309,158.499111281738,171.78182158624406,161.4352759248938,160.1185388425084,98.4380663426972,54.1047972644281
310,170.77817531837152,151.00480401433305,160.58176233005366,166.11933816818757,98.12565650167674,58.12481758006716
311,172.61803114212105,131.93621364464144,160.94375033981459,168.43128481962958,101.25512377321543,68.53004431088739
312,171.1391324012039,121.48832471738298,161.03613657526034,170.00052871977587,95.46822053134487,70.44825192265876
313,166.4209294094882,102.67981275920246,160.13254728444062,172.15670448970917,93.86592958829827,92.56689219745009
314,162.1903257498749,87.91396790281458,159.591986062231,175.611905554857,95.62619387120505,90.0714606039638
315,157.7951175688064,79.30734716849246,159.58516384658716,179.844091160242,93.55217481097776,91.07597346256263
316,156.10005485412935,74.97160142575787,159.7320645437062,177.00438301323973,84.05841397592341,93.3218410866214
317,153.6025491954579,80.69145991966316,162.20613945660142,167.55253010633504,77.58618715312984,97.66064466572276
318,150.55183509958366,79.32616219502903,164.2424230086281,164.43417551529697,74.81850143569052,89.21411851608129
319,155.33529046493604,79.48321837045064,170.55358383320814,161.76701053549277,83.18264549297908,130.33303493806332
320,158.3578750051104,100.32520980622807,174.65234993830427,154.78493600193246,74.90891737018687,112.73908475642094
321,163.6446667521694,111.20451125654746,179.14306995832052,152.9186031309574,58.904650073344854,111.53164086188062
322,165.318713557007,123.37193187717585,178.08313450147142,150.71311122315967,50.019268727733916,100.75652517249986
323,167.9401936008131,133.1257931490735,173.60775690329726,150.2943518141047,48.18977258975966,87.96582302120267
324,170.7158473952512,143.37902924145905,172.6811780688116,153.41236570555353,45.443573112484735,99.7023510761861
325,173.26731989188315,152.8571738270281,168.45327154834987,156.1219747712323,47.98163846248917,89.47839013233293
326,169.7496246044679,157.75896045781192,166.17328212363853,155.52263361059858,49.52014767015368,87.81569411055798
327,160.31859796754318,165.09628713664472,166.01766925166527,155.5784218863724,47.73943270725418,91.72145152802611
328,148.47106005674286,170.0460976897941,167.30682365241955,157.89283193139096,48.34019903074132,88.56595532454135
329,132.1568404507476,171.7890980557852,170.19023298350592,158.66392951307526,53.45246553915161,98.31107141221956
330,111.32562013938782,170.1194624797021,172.08079178519037,159.66344203088792,67.28648367795925,39.309758718803785
331,93.16933499363213,168.31782317902682,173.69579954622478,156.77881206192802,70.44103611433678,69.66934977354377
332,79.62201317556337,163.89792834577347,177.0991175435275,158.61306838048168,77.40533367741087,115.79390285713079
333,71.13961698964866,158.03084712381354,178.03875868600792,159.9293361045743,91.82153082600294,144.98396830399284
334,65.01629597547198,154.51946490718933,171.5337726221868,161.5391059618462,96.47624263245325,158.6256199943184
335,64.52682896967852,153.90022139573207,166.57501669872795,163.47512304309927,97.59481650637416,134.78622432374016
336,68.27953940298563,151.72538451679992,163.72741551608837,164.7879041086316,94.43455002126703,117.8911118196797
337,145.0929305511553,94.40415641870233,167.35547158328785,161.3328047851527,97.62670484827886,98.24448643121875
338,142.0025445468467,148.15744773251697,168.9382873683537,171.3540474235572,97.21244076686125,89.8920297732577
339,115.70861514731195,163.24645071492628,151.72639065412096,179.54246842797446,99.11822780918968,76.35911016330732
340,163.72955281119016,109.82870701387232,176.55237032725267,151.59866203137452,95.75180847876665,58.07928794834847
341,170.86660701849542,125.07317097401149,169.26830548848008,146.62166655467703,99.83530453572087,51.59964127673545
342,167.74993997489662,164.47922349502127,168.295520089543,160.36327513052737,93.54911047030286,49.75390828534834
343,152.85044540389342,166.1868945366632,153.92046232658626,170.9120892559049,99.56306338807916,49.69957516283034
344,157.87433889087038,158.82320030804811,152.89421822490493,170.2492647490863,100.38885267992997,51.87539221802786
345,162.96686590774848,147.22840208816984,154.2436210600107,169.7095041892398,92.53105919363708,61.92621599514692
346,168.79558762570704,132.23211233313503,157.0272222258694,171.2197280414182,85.156575812118,66.16167534150128
347,166.8207307893914,117.76153656474756,157.4087849601241,171.9113482488332,88.3864097302259,71.04032579646878
348,164.27724503842734,104.09180230326523,157.6207928361839,172.72332305056503,86.93200350579059,87.45470262409307
349,161.28181641927964,88.66798929454372,158.03219668701283,175.1205308505398,82.5977766090993,79.03673935206315
350,159.22697593667115,76.97007422649375,157.14344667031656,178.27421749454243,77.97775145066281,95.34814949825267
351,156.1629663028401,73.74047848220586,159.9550093755531,175.8960888917855,79.7804294713514,99.45090013125444
352,72.1522363332303,163.82814196073156,163.15423963454424,166.95207116519313,81.5195258831978,101.27291539472722
353,144.66496110505844,129.67767739824973,162.8812740817556,165.46623845915462,82.49188855909985,95.44892575585915
354,157.99456256487872,95.08701000863596,170.2833249224676,161.77853715958685,87.26648479800991,85.79247797651045
355,160.4304038150068,97.97340573697893,173.95744668829488,154.14294453724725,77.47145547300232,93.03733872418505
356,162.05373764182318,107.45155402610463,177.14343979022362,149.10096388821736,61.582765290867606,55.56718912215783
357,164.8896975500266,116.69455032007693,179.76687275595071,144.1813557592171,48.46177956644741,91.71099596449551
358,170.01661414613594,126.69162090582411,175.17635192058847,142.95760416462528,48.30560521069296,108.87990285079775
359,173.70905956336253,138.76241212376877,171.1324537316541,145.17780356439997,51.192213151160054,97.77584556710006
360,173.7458465504004,149.0128898746031,169.21498903218674,148.97800687140025,55.84797478681745,89.1135617174824
361,167.23172747230564,159.01085409397945,169.27471138415444,153.7563868525808,57.4901398471352,90.82842456306561
362,157.30035040239903,167.17611255363656,169.71793315697886,156.63729644094795,53.764025967793636,92.6257948022353
363,146.24271824899824,172.1156831677293,169.33355959054467,158.33568190360367,61.9828951156332,97.85041762237965
364,130.31575804054538,172.67129270903294,170.14257761766368,158.87076621337127,64.35452337581647,90.46380820163313
365,114.67842226505186,169.9528477517105,170.4548143467009,158.19886914196923,66.63570710974143,93.02113146054924
366,91.73307917893037,164.81496519469835,173.34258422498854,157.3227476242357,78.38044059398874,103.62028342960025
367,78.83127748409034,163.01639544386373,178.71053694443376,156.30516878503542,82.8667975658821,115.58536448874858
368,69.10251637308754,157.65618683255167,176.30331022178962,155.59570898041687,86.63547904159311,137.91849401407546
369,62.463339263772056,152.9226022347337,171.1948195788699,158.2065367862626,98.85110370812679,151.5360785857405
370,64.49292089860846,156.083466178232,164.77292329181032,163.7217277175552,101.34614513962352,132.47585065293973
371,67.16158107125082,154.75748861124174,161.71408159302837,165.87323376387334,106.53227928775608,125.26755934307599
372,77.18779438579351,155.00009895601198,158.56492235501847,169.07961126749095,104.38727399786984,128.30236894396822
373,146.58209747074022,117.37137365574392,171.273013618145,157.4686818373098,108.30644727955193,111.84219033105488
374,158.61064636058353,117.53701402163985,179.77782456448384,154.24495261727645,108.03861216141915,79.58054591430987
375,165.95721643617952,121.30185640045784,175.18736301401472,151.60688465243794,110.6199103637382,59.95667610368533
376,167.11425309712672,132.35253143723992,171.55207133659505,148.49792538676832,101.81910609724589,47.607914906783314
377,169.03814393442352,143.80233919118604,168.82935584958244,148.73875689214796,100.47168942691431,47.148466926886705
378,167.59428660146006,151.69831629421378,166.69886150267246,149.3625413051912,94.66343541637916,49.480295384295
379,161.17868928469173,162.18011879833313,157.01617795424698,165.89918612154727,93.1975185226311,49.407522045858464
380,166.4251861715972,151.07425258579613,157.4665122180126,166.8502751137495,94.31567238075641,50.043603040243894
381,169.41094781861767,140.21298877692882,160.11000667809256,168.28204591977973,94.60583901444423,54.8667762457518
382,169.8718029620281,121.02218006007445,160.7967581605536,171.7269886390771,95.1552123443125,50.341561207517245
383,166.47703771362862,99.5490120274399,159.80356633357312,175.03748568431868,87.93811533642118,72.3600540930405
384,162.23634409946126,84.89549238886786,159.51719944837913,176.81329608477913,84.50695938635253,97.81056729885017
385,158.74995487855992,76.6216292920722,158.60426547792818,179.7350011178336,86.66898716908895,111.5141411016948
386,161.30759516605275,70.33960414744438,160.9467206307208,173.22155577694906,86.49006953556463,111.11522662928796
387,70.37248894997289,157.363051853017,160.47195807877668,164.08805627630437,83.48507520658836,101.66876669399828
388,140.98505632048222,93.38102201357125,161.2996475912237,163.16038501511775,83.52982646450407,108.02326267954761
389,153.08114341380772,105.37096405796092,166.98035584307436,157.31331149084238,86.4567140499659,96.5174589917553
390,158.80840048619936,110.18961688964488,173.2645007437836,153.6891695620489,80.95407150547847,140.70357661367188
391,160.2647396623873,113.48185817224494,176.52851351053127,149.81500457223092,60.46562325437216,117.97666580822005
392,163.22624102538327,118.76745611585146,178.71141337461881,144.24610597833814,50.06645800797441,140.1814568445536
393,171.71534332208367,130.76766741109896,173.26807179132314,146.5680948419399,43.082070897425815,70.12264591952064
394,172.39324568914387,140.65129360213191,171.14566851897646,148.28723633720276,41.57935898494303,89.8851495251697
395,172.51548580894024,150.5078528999402,169.18907739337052,150.4316062061688,50.7556116212531,96.91459176849268
396,167.6319728959635,159.22298686750767,168.65907288363667,152.74054129343165,52.15874221391919,98.65190497226665
397,155.11405832534209,164.38752344954435,169.63705019970845,153.71383694052554,53.23719776349933,93.63690795497952
398,144.497597834603,167.67672574792368,171.2298561450373,154.57586443654387,57.568683592755846,107.81555400094112
399,128.31729164171998,167.97190392209987,172.73552539349336,154.73141993701412,64.21393837991893,134.19368092139024
400,107.88824309609949,164.76381924158298,175.0395281980578,154.52622352475132,72.80133799367316,127.52661529752764
401,84.47582334334768,161.6529814619502,178.04753057478894,154.91701096418657,84.10721419376493,141.89985721019644
402,78.2762419289563,160.12727737100883,177.7236248432817,155.81278453593433,83.76314137639548,95.25630699297984
403,71.78219496558023,154.77878401413489,174.13631243862017,156.91701276967987,94.19320928639699,92.07720471157488
404,70.2639258769351,153.3248278501041,169.19511776668034,161.2163901230373,97.93433390161682,109.57556374965405
405,70.03883631117374,154.05841045959687,163.90918068076812,166.1852539819182,98.7984670817283,116.14023269846805
406,73.92776321457266,153.35692001284346,158.76408570790034,167.07131362196023,99.40243671458558,106.55579542927924
407,143.49022042510902,126.33580731313631,165.9028088955245,161.6678799108071,97.40654822278883,98.81228748849436
408,152.60299673386518,116.86689981593001,172.31541340687394,153.73681667441735,101.14875526391768,86.16378994826225
409,163.9075399960818,120.48712527280682,179.61049271424795,149.34466167050962,105.03465057337745,74.06671700007539
410,166.02811504045025,125.77300604365145,174.78029590772294,149.31774587757468,97.37451786087584,57.15738469130139
411,168.52051870692037,139.7130646215643,170.16407757002506,150.51161442263626,93.94720604026298,59.220247074540815
412,170.20850081895574,150.66405246151746,165.80135028632512,151.36375023425225,93.32431955377801,68.39308117401148
413,164.0116665669706,159.09800419790167,165.35170559582673,152.9713530978789,93.17048826457484,68.30901172674753
414,168.30465565289526,156.28725136039702,160.3122398681093,168.4045292155666,91.46260337314988,66.29822506469844
415,170.95573462690768,147.0892968048839,160.4889639621343,167.29511302115898,92.70974663342896,76.7071323048159
416,172.9560545988381,131.43877349034702,161.77228847032276,169.71994081131916,90.17286216367222,75.49260403509261
417,171.9735468405848,115.57275217208539,162.20282670017951,173.03872318871987,92.62775937886578,87.30038703975038
418,165.7768731842414,93.45450883862885,160.60548229940179,175.22249699557094,87.5788444472827,85.32870344723037
419,162.3356748087541,81.47008036082954,160.2993688832699,178.01914027253943,85.54000455541679,89.86467671686965
420,160.0257909176358,78.01251508188057,160.76161126876528,177.5632730725442,81.04838263147396,98.15185656475393
421,72.59633864667084,158.87683149950377,165.80457346947472,163.67693010175148,82.82068248685985,117.4032858434455
422,68.92698806593118,157.8059291788043,163.71160660464633,163.84455270019316,84.24935681915652,118.90506791223747
423,145.26924432828113,82.8800784569764,164.2171748873518,160.98841482320236,81.78927518407355,82.07700108336986
424,153.29722049556565,88.29369491261009,167.29063489933174,156.51865182042548,76.56676200414775,136.0152937941037
425,157.51273359485845,96.10980301744002,172.7039408458182,152.13896781561246,65.97341765959096,175.59666611717958
426,157.78573910615597,109.46374851814315,175.4743232561613,147.4879284362464,61.03208085166616,107.60644796725914
427,162.99318659850204,125.2069932127364,178.9070312527384,147.80780922626982,48.156865195921114,90.58459777079682
428,171.0337704914584,136.30876484799967,176.6432049692635,146.5837314435146,44.95391143698686,104.41373285996421
429,174.44415307373248,147.61302782734978,172.79079874335955,152.3449752246638,39.873294443012995,89.48977240289994
430,172.5067195720821,159.25997460932132,169.1485281396649,156.37418409084637,40.79504294081466,107.44831704915421
431,166.04231682190954,165.07407432835308,167.78361103138408,157.08434588329,44.928997445847536,97.3724846881614
432,154.0882106982788,168.85950740314044,167.6769243590086,157.12751864172225,47.03649718203455,101.87259451347114
433,136.3721051262744,167.48882199338985,179.13307002314667,154.43695550599836,52.36570481826745,107.1079284000332
434,136.67902692488832,179.222002747675,174.63070598320198,160.05166334620984,56.6260012190684,101.41284449911856
435,118.66423682337687,169.19929415087225,173.95514022599437,156.84850851202188,71.73666931242747,96.36952330340588
436,85.7479930957501,165.46942756290858,176.44781823438976,157.23670450787637,86.25064511010531,84.66841058828199
437,82.24898367421378,162.4503237131073,178.04520988317415,156.06192524691613,91.9448588512086,155.815118477187
438,68.0018274893706,157.2921750298106,171.2444359927219,157.49009074907272,100.00254506588489,143.4726750052008
439,67.64725964720462,155.95917723869445,166.74454069598661,161.31007280283103,106.00900170603634,155.08972127260185
440,68.7738474798053,158.68625302036858,162.974946066046,165.98468654913134,104.35411088426311,127.63132508215311
441,71.15067501260489,159.4630246151478,156.99664518979048,169.66160210573076,101.10953414607401,122.50783449641273
442,86.89810644811409,164.99551965500035,154.48332223267914,175.00598858571803,103.93184411716983,104.01638371089159
443,121.40511003779555,161.94613552819214,156.65359590767252,175.77724472084404,103.5626156373966,76.30274911628368
444,131.512724866713,159.90637518944328,159.93124250514265,177.7921235936677,99.34651996027351,68.1456425338019
445,149.35019985144064,178.6575192553864,170.23530991724374,176.77486938507352,96.37422616264766,57.05243309319417
446,178.43346239211957,176.99891496698692,173.97925516339936,173.72575269132608,90.92262017111521,51.35302966446054
447,166.9321979850431,156.99010115528446,167.0063425830942,155.1086270502309,89.33573665402523,47.85448562073192
448,162.28141869526655,165.15743685076447,161.05999060849558,166.80818108996155,86.56155313596972,51.67807322001364
449,165.7654482549918,153.9524169567637,159.4354775370103,167.0546990218386,86.3996100808844,54.33229587261334
450,170.54114197067787,143.2705346812965,159.85290139788015,169.31431838772497,87.22020626738374,56.09535551157769
451,170.0948120618334,133.14052189353202,158.76674251393894,171.00880526705652,85.338957240458,53.557273780854715
452,167.85316674370907,112.6409629330359,158.67435218122176,171.69329580337663,87.9683779508071,65.89100314974077
453,165.67629679674346,100.11939881818381,159.43425869437615,175.06064335231827,90.19497567618582,86.64443525118901
454,163.94211318827297,84.31737145821282,161.0490098874842,178.5895325540969,86.72356718173211,107.89524502118655
455,163.20642318930476,75.90340865932207,163.95610647916044,171.6822353800871,91.69045547541272,102.89880924571258
456,159.52477505222816,67.48893708909488,164.7431120130978,165.80002213799673,77.56418692247092,104.12259137108973
457,152.99460323699526,69.3628581029404,163.18999118440908,164.78251587184846,78.31561209134811,114.22598183129327
458,153.02111125600382,77.6433401846444,166.84627196156433,160.64547055177331,82.07775300582983,100.07907739472563
459,157.10250635556338,94.91954799446279,170.7851444977828,158.43581276189855,85.26767539898289,94.07517380006479
460,159.4498016004571,104.8007697510034,173.90435036424395,152.81631179941584,76.53517375268653,139.94078132830583
461,162.59210152427735,119.01487473201725,178.4515672916506,151.2186860250015,63.239553809360096,154.26082774334088
462,166.0270901698976,129.20322496117515,177.22162842509863,147.8175393291968,55.62351890311121,111.22995210397303
463,168.87312518981722,139.88852421042833,173.46062266063953,151.161461562145,50.55093650009417,110.94652152507086
464,173.70803109691144,149.11199351664146,169.46846980048596,152.70529916497236,49.2609628573868,120.23574308561581
465,172.92884682691195,155.9912341481006,167.96412204986726,151.41208369590694,50.99069215343013,151.334418297281
466,164.87430775216126,162.81791391910036,168.65820526494426,153.64233037556093,52.6563964744979,94.60598502008197
467,150.42927541603925,168.04891778775445,168.80695405784618,155.02973105904823,52.56107890947036,106.88012431235222
468,137.76261145164054,169.16884619425704,169.85588784358256,155.07028783496162,51.06459758693652,105.4640952166752
469,114.3468848389548,166.35950519605015,174.59898002153747,155.3884134367808,58.63327086596504,97.15534774815418
470,96.54390757976077,163.03750003270278,175.3109823748476,155.72167128354795,80.70325042364867,90.21774809181444
471,81.37328187120772,163.2946866349985,179.47848787630684,158.7712400865758,87.1281462218995,93.38993911010688
472,71.02298059342829,162.9135662691499,177.93017980158237,157.25484548305735,97.34494745397417,140.52225905815763
473,67.70326140571441,157.32679808256168,171.60709474381395,160.1649086187685,124.17007003988154,155.58777968718462
474,66.05577883497,152.29296747546218,165.25778556630036,160.69718799759747,124.87133538825131,161.59281650502768
475,63.854408860293574,160.1387186937504,163.40090372270265,168.28934226951014,125.30347418941906,148.0915916983317
476,70.63015531774595,160.42621345905565,154.27924088793992,170.97748439265868,108.3811743278077,112.77903364873707
477,91.54360464577643,166.87043970003185,153.2493228482829,178.24422926070116,109.97519490693371,109.98046761914358
478,152.42338755777487,131.19648893020846,172.29491061287447,161.6918281548628,102.72209336806065,83.61676539343456
479,159.39968272841566,113.36732250537365,179.94862140573687,150.50687475689978,97.62578041015915,70.91767341466469
480,168.30678375812403,126.19642860340667,171.20417035425072,145.76376326225432,97.88418105869307,97.10930262704282
481,172.55738551867157,139.85362805398915,166.39992732493295,147.40869003827913,95.93158299445743,67.6114111015517
482,170.5976728036451,148.9686415363924,163.33050502963874,149.79779739055456,91.8250606685168,54.9412580554083
483,159.70011955619688,167.26504933346462,156.82100216101367,163.53693493941464,93.78047525095626,55.6756450152068
484,163.4997188103851,151.32883009665153,157.12515619124287,168.59236345255582,92.48620989170068,57.42032400567223
485,167.5376530003032,145.2474406624772,158.5500819310587,168.1526260925398,91.64403975479806,58.888572686694864
486,133.80430594892843,172.3928243760266,169.3741432602544,156.17679850209046,89.3458572737229,76.96723635854356
487,172.12382338637175,99.40140973582376,163.9107558502825,178.8375521079745,92.67429272575792,144.6416381341047
488,166.5651880002383,81.91596328344953,161.87160215108554,178.8448113030322,88.5774423054287,107.50246964135623
489,163.9113064118942,76.77818537191045,162.8427727543993,178.784748176385,93.2257018560545,106.89756357199279
490,165.39179370285277,170.21803711841807,165.39391087282667,166.31695674319087,84.26597365659951,103.19499050873084
491,166.20449697166245,76.5230496350866,166.00933464629426,164.6771319567856,82.28972708367307,104.96636555966067
492,158.76904544438693,78.88902770984568,166.00132697442288,165.68260176969022,82.55370002045233,144.39092769566065
493,159.80142883398702,81.23233667160844,170.283211696177,162.45491142501237,76.4199047196849,122.35777207164432
494,160.1031864415635,104.96047680075915,173.68029242364503,157.69242776612683,78.90235318167679,166.30265124492374
495,160.66385526811067,113.91347360241328,177.48901317875843,152.31267663786335,70.14593644236061,96.3205357773906
496,164.81002153161145,125.54223140904942,176.15698794211994,154.43217103896404,57.61603359470765,162.79904683686286
497,167.77140109288416,137.48078616819495,171.66912291601545,156.3042163256551,52.081211516294765,72.81326433450609
498,172.985041609544,149.11317252569572,167.69012285872134,159.78993478004776,51.376220936867256,76.03518605243204
499,173.44321590527414,157.93435241271467,166.20112515993912,160.80282221152748,50.037232685272144,150.7872604270467
500,170.17536093957082,162.91170718506604,165.93561711475718,157.9335415776308,50.879869630491605,152.6886160357235
501,166.12679030365885,172.2707599722761,164.13093502038203,159.48276982659067,55.54537329859971,145.08564064170952
502,149.4753819382521,176.04281459421517,166.74131573235488,158.0827081527579,60.01949775923649,124.42241306065847
503,139.3746134845695,178.67453628436706,166.94141440839022,160.79171241720263,61.04214023505227,136.49299528758843
504,121.21389499837446,172.93467678001153,169.38365250981647,158.9879422201515,64.97368029753933,99.53998946078802
505,97.61121317087209,170.87974708237834,176.04693259529293,160.33164542756114,71.56350084184479,128.2526645376799
506,86.04889362116126,167.79163080402736,178.7941315787566,161.02119376025894,66.13887947298679,163.02569983143
507,86.05807809852594,163.18971973443814,178.20581229514724,162.7449678822729,87.05086669141212,162.43313704619797
508,70.65623927485015,161.45966505071343,171.3498621035227,165.33018468136396,93.43197192632485,141.24307101522533
509,73.22662321101603,164.1500767861598,167.0239303172401,169.06500275202646,107.85031537566778,149.8971117325615
510,71.15657902895435,161.42933745872006,165.47523341543857,170.82556261612197,107.51309860993567,129.52179903208332
511,82.49862950321217,165.73402053514678,158.4897758218246,175.44311300535568,118.9114122666368,120.50150139597386
512,119.7649002040767,158.73143094778177,159.27454063445245,174.01507173593632,108.96481127745865,91.54601746985277
513,140.94194158692736,164.07028988352624,163.75766765003434,179.59813416061823,124.08703871511773,53.40826851606077
514,162.54122582101195,117.74358095344914,176.62718321015456,154.7908528669076,109.4091493540679,44.20236362358594
515,172.1445068906419,130.62703778948227,167.398537646923,149.36080551303647,97.7012349935666,49.475760470106664
516,171.45684836478958,142.43571749466486,164.69176500474353,151.8507964075476,88.7765533202151,48.40061895533937
517,170.00710599503117,153.49512147817788,163.98983523769286,153.6030543663211,89.87621144807673,60.79733959077729
518,157.23931461113307,167.10125837532172,155.94981465789323,176.32619249099815,84.5948021497263,66.97659914620976
519,159.86548090532062,153.02149440706825,167.33018693062962,179.03574401305775,90.10919853916576,67.10685480152176
520,171.66202641131787,141.33924492719123,161.1586805199769,168.48151952931258,92.92180111840462,69.56722527297431
521,170.31679979890393,118.83607901156961,161.3176523437629,169.74127878103022,88.42467725443755,70.42305181563444
522,165.8036862298163,104.21523502366766,160.35435585687338,173.2064746013051,89.80597230592457,74.1819977571953
523,163.0455814321503,85.81250213242772,161.22430442543347,176.15135508676312,87.00275765164241,93.43802610196899
524,159.87637792843495,79.29873206279746,160.91885055458422,179.58895784027425,90.12228759042323,109.31007293986248
525,137.42712466549528,80.43084358165483,162.35481748555,169.1149076472087,84.88457478847995,108.92909073263274
526,78.7616441447625,156.5253860959628,163.66128889342232,165.41129199445513,80.29771490765773,117.91104171955034
527,144.5856727852772,101.21023805971318,164.96170267792448,164.29158544610206,83.46607685200121,106.00621776149548
528,155.43374280810744,128.3585134541845,169.94696130896196,164.93945950024383,83.86938704985474,98.60276444940108
529,159.88619593152006,118.56484298763104,174.37045938756899,154.53508978244886,73.07843912230797,86.4178708663816
530,162.75764205307016,117.03272675405024,179.0063924002069,149.77679858911011,56.06271051314465,119.33265984178493
531,165.0537635749841,121.97212150268032,178.89148544960383,144.11214002409423,42.42886065704034,140.31138518587613
532,168.24869154786694,131.38501865639924,174.72024901506313,144.3627300126742,47.54925037886868,46.92981147415279
533,172.3525580672002,140.2488331626694,169.9596285919494,145.681329567871,45.57538852665974,89.43712900148665
534,171.97008744384132,154.06852823772826,167.7307178076436,154.21194357073014,47.21074584285518,76.22582777731994
535,165.46939756427895,162.36544547165744,165.086941939169,155.05746605860034,56.069685830352945,107.58862395411519
536,157.55183381197338,169.8998989657132,163.12840443126342,157.70582989088285,52.81654858706163,100.33106653300536
